{"cameraMode":{"drawMode":0,"name":"Shaded","section":"Shading Mode"},"sceneLighting":false,"audioPlay":false,"sceneViewState":{"m_AlwaysRefresh":false,"showFog":true,"showSkybox":false,"showFlares":true,"showImageEffects":true,"showParticleSystems":true,"showVisualEffectGraphs":true,"m_FxEnabled":true},"in2DMode":false,"pivot":{"x":-0.3238025903701782,"y":4.835663795471191,"z":-17.92705535888672},"rotation":{"x":0.0023607194889336826,"y":0.9899406433105469,"z":-0.14051391184329987,"w":0.01662825234234333},"size":18.961381912231447,"orthographic":false}