{"cameraMode":{"drawMode":0,"name":"Shaded","section":"Shading Mode"},"sceneLighting":false,"audioPlay":false,"sceneViewState":{"m_AlwaysRefresh":false,"showFog":true,"showSkybox":true,"showFlares":true,"showImageEffects":true,"showParticleSystems":true,"showVisualEffectGraphs":true,"m_FxEnabled":true},"in2DMode":false,"pivot":{"x":-48.24784851074219,"y":48.261627197265628,"z":22.309955596923829},"rotation":{"x":0.2713630795478821,"y":0.008086541667580605,"z":-0.002254859311506152,"w":0.9624657034873962},"size":203.84811401367188,"orthographic":false}