{"cameraMode":{"drawMode":0,"name":"Shaded","section":"Shading Mode"},"sceneLighting":false,"audioPlay":false,"sceneViewState":{"m_AlwaysRefresh":false,"showFog":true,"showSkybox":false,"showFlares":true,"showImageEffects":true,"showParticleSystems":true,"showVisualEffectGraphs":true,"m_FxEnabled":true},"in2DMode":false,"pivot":{"x":4.684967994689941,"y":12.285712242126465,"z":10.486627578735352},"rotation":{"x":0.05449840798974037,"y":-0.7045884132385254,"z":0.05443286523222923,"w":0.7054316997528076},"size":17.541988372802736,"orthographic":false}