{"cameraMode":{"drawMode":0,"name":"Shaded","section":"Shading Mode"},"sceneLighting":false,"audioPlay":false,"sceneViewState":{"m_AlwaysRefresh":false,"showFog":true,"showSkybox":false,"showFlares":true,"showImageEffects":true,"showParticleSystems":true,"showVisualEffectGraphs":true,"m_FxEnabled":true},"in2DMode":false,"pivot":{"x":83.97978210449219,"y":27.451444625854493,"z":-100.00000762939453},"rotation":{"x":-0.056836653500795367,"y":0.9430096745491028,"z":-0.24129167199134828,"w":-0.2220952808856964},"size":62.983665466308597,"orthographic":false}