{"cameraMode":{"drawMode":0,"name":"Shaded","section":"Shading Mode"},"sceneLighting":false,"audioPlay":false,"sceneViewState":{"m_AlwaysRefresh":false,"showFog":true,"showSkybox":false,"showFlares":true,"showImageEffects":true,"showParticleSystems":true,"showVisualEffectGraphs":true,"m_FxEnabled":true},"in2DMode":false,"pivot":{"x":108.26832580566406,"y":61.77681350708008,"z":90.17162322998047},"rotation":{"x":-0.056836653500795367,"y":0.9430096745491028,"z":-0.24129167199134828,"w":-0.2220952808856964},"size":20.245195388793947,"orthographic":false}