{"cameraMode":{"drawMode":0,"name":"Shaded","section":"Shading Mode"},"sceneLighting":false,"audioPlay":false,"sceneViewState":{"m_AlwaysRefresh":false,"showFog":true,"showSkybox":false,"showFlares":true,"showImageEffects":true,"showParticleSystems":true,"showVisualEffectGraphs":true,"m_FxEnabled":true},"in2DMode":false,"pivot":{"x":0.00550609827041626,"y":0.8968040943145752,"z":-0.04377453029155731},"rotation":{"x":0.1687813103199005,"y":-0.04847300797700882,"z":0.008311186917126179,"w":0.9844303131103516},"size":1.428486943244934,"orthographic":false}