{"cameraMode":{"drawMode":0,"name":"Shaded","section":"Shading Mode"},"sceneLighting":false,"audioPlay":false,"sceneViewState":{"m_AlwaysRefresh":false,"showFog":true,"showSkybox":false,"showFlares":true,"showImageEffects":true,"showParticleSystems":true,"showVisualEffectGraphs":true,"m_FxEnabled":true},"in2DMode":false,"pivot":{"x":-0.18270015716552735,"y":1.5102503299713135,"z":1.0131741762161255},"rotation":{"x":-0.18637630343437196,"y":-0.5405942797660828,"z":0.12423786520957947,"w":-0.8109352588653565},"size":2.8563263416290285,"orthographic":false}