{"cameraMode":{"drawMode":0,"name":"Shaded","section":"Shading Mode"},"sceneLighting":false,"audioPlay":false,"sceneViewState":{"m_AlwaysRefresh":false,"showFog":true,"showSkybox":false,"showFlares":true,"showImageEffects":true,"showParticleSystems":true,"showVisualEffectGraphs":true,"m_FxEnabled":true},"in2DMode":false,"pivot":{"x":-0.6099139451980591,"y":-1.0115604400634766,"z":-0.32898426055908205},"rotation":{"x":0.15002213418483735,"y":-0.012160600163042546,"z":0.001845654216594994,"w":0.9886078238487244},"size":11.925186157226563,"orthographic":false}